Packet case,Corpus Case ID,Second-reader classification,Recorded reason,Reader reported knowing the outcome
1,PR-13,Needs work,"While the response provides additional insights and cites reasoning for some of the denial, some of the conclusions would leave a cold reader with the burden to assume or do additional research to close the gap.",No
2,PR-25,Needs work,A reviewer would need to see the actual records to be able to reconstruct the outcome of the case.,No
3,PR-31,Gap,The audit sample records would need to be present to make the conclusion.,No
4,PR-10,Needs work,"A reviewer can understand the opinion, but cannot independently verify important factual assertions or determine the final agency action.",No
5,PR-27,Ready,"The decision clearly documents the request, redactions, exemptions, evidence, and reasoning for a reviewer to be able to reconstruct.",No
6,PR-04,Ready,"A reviewer can reasonably reconstruct this case based on having a complete, category by category path from the requested records.",No
7,PR-26,Needs work,A reviewer would need the exact request parameters and post-order production outcome to consider this ready case ready.,No
8,PR-05,Ready,"This case provides affidavit- based rationale and the courts resulting rule, allowing the reviewer to reconstruct.",No
9,PR-20,Ready,"The opinion documents the withheld records, the agency’s stated privacy rationale, its lack of record-specific justification, and the court’s disclosure order.",No
10,PR-15,Ready,The review has enough information about the underlying agency record to understand the outcome.,No
